{
	"data": {
		"d": true,
		"e": 1701371964.5485058,
		"c": 1701371918.8772693,
		"s": 0
	},
	"data/characters": {
		"d": true,
		"e": 1701372431.5080042,
		"c": 1701371922.961407,
		"s": 0
	},
	"data/characters/scary.xml": {
		"d": false,
		"e": 1695761782.0,
		"c": 1701371928.4511826,
		"s": 694
	},
	"data/stages": {
		"d": true,
		"e": 1701372402.21016,
		"c": 1701371959.434222,
		"s": 0
	},
	"data/stages/scary.hx": {
		"d": false,
		"e": 1695761786.0,
		"c": 1701371952.0242114,
		"s": 831
	},
	"data/stages/scary.xml": {
		"d": false,
		"e": 1695761786.0,
		"c": 1701371952.0362656,
		"s": 346
	},
	"images": {
		"d": true,
		"e": 1701372007.3727317,
		"c": 1701371978.4124708,
		"s": 0
	},
	"images/characters": {
		"d": true,
		"e": 1701372413.3182023,
		"c": 1701371999.9671714,
		"s": 0
	},
	"images/characters/scary.png": {
		"d": false,
		"e": 1695761802.0,
		"c": 1701372002.7404435,
		"s": 404033
	},
	"images/characters/scary.xml": {
		"d": false,
		"e": 1695761802.0,
		"c": 1701372002.7329109,
		"s": 12481
	},
	"images/stages": {
		"d": true,
		"e": 1701372419.2763066,
		"c": 1701371982.5128717,
		"s": 0
	},
	"images/stages/scary": {
		"d": true,
		"e": 1701371984.627644,
		"c": 1701371984.6105778,
		"s": 0
	},
	"images/stages/scary/halloween_bg.png": {
		"d": false,
		"e": 1695761848.0,
		"c": 1701371984.6151066,
		"s": 5123990
	},
	"images/stages/scary/halloween_bg.xml": {
		"d": false,
		"e": 1695761848.0,
		"c": 1701371984.627644,
		"s": 3691
	},
	"songs": {
		"d": true,
		"e": 1701372427.2363162,
		"c": 1701372020.6154823,
		"s": 0
	},
	"songs/ohno": {
		"d": true,
		"e": 1701372023.0606978,
		"c": 1701372023.0281038,
		"s": 0
	},
	"songs/ohno/charts": {
		"d": true,
		"e": 1701372023.0536776,
		"c": 1701372023.0376341,
		"s": 0
	},
	"songs/ohno/charts/easy.json": {
		"d": false,
		"e": 1701372455.8223586,
		"c": 1701372023.0426326,
		"s": 8887
	},
	"songs/ohno/charts/hard.json": {
		"d": false,
		"e": 1701372461.5431545,
		"c": 1701372023.0501654,
		"s": 10717
	},
	"songs/ohno/charts/normal.json": {
		"d": false,
		"e": 1701372478.747353,
		"c": 1701372023.0536776,
		"s": 10037
	},
	"songs/ohno/meta.json": {
		"d": false,
		"e": 1701372441.100911,
		"c": 1701372023.0321043,
		"s": 139
	},
	"songs/ohno/song": {
		"d": true,
		"e": 1701372023.0872858,
		"c": 1701372023.0606978,
		"s": 0
	},
	"songs/ohno/song/Inst.ogg": {
		"d": false,
		"e": 1695761882.0,
		"c": 1701372023.0662246,
		"s": 1570886
	},
	"songs/ohno/song/Voices.ogg": {
		"d": false,
		"e": 1695761882.0,
		"c": 1701372023.0862858,
		"s": 1118540
	}
}